shot_id,diode_type,dose_rate,load_ohm,bias_v,pcd_fwhm_ns,scope_scale_factor,scope_attenuation_setting,cached_scope_scale_factor,waveform_csv
27271,SMAJ400A,12800000000.0,1000000.0,0.0,40.8,2.0,2.0,2.0,data/27271_data.csv
27272,SMAJ400A,12800000000.0,81.3,0.0,41.2,2.0,2.0,2.0,data/27272_data.csv
27273,SMAJ400A,12500000000.0,81.3,5.25,38.9,2.0,2.0,2.0,data/27273_data.csv
27274,SMAJ400A,11900000000.0,1000000.0,5.25,41.9,1.0,1.0,1.0,data/27274_data.csv
27275,SMAJ400A,11000000000.0,81.3,5.25,43.7,1.0,1.0,1.0,data/27275_data.csv
27276,SMAJ400A,14000000000.0,81.3,0.0,39.7,1.0,1.0,1.0,data/27276_data.csv
27277,SMAJ400A,10600000000.0,81.3,0.0,41.1,1.0,1.0,1.0,data/27277_data.csv
27278,SMAJ400A,11600000000.0,81.3,0.0,45.3,1.0,1.0,1.0,data/27278_data.csv
27279,SMAJ400A,62200000000.0,81.3,0.0,41.6,1.0,1.0,1.0,data/27279_data.csv
27280,SMAJ400A,56300000000.0,1000000.0,0.0,44.4,1.0,1.0,1.0,data/27280_data.csv
27281,SMAJ400A,62500000000.0,1000000.0,0.0,44.5,1.0,1.0,1.0,data/27281_data.csv
27282,SMAJ400A,64100000000.0,1000000.0,0.0,42.9,1.0,1.0,1.0,data/27282_data.csv
27283,SMAJ400A,81100000000.0,1000000.0,0.0,38.5,1.0,1.0,1.0,data/27283_data.csv
27284,SMAJ400A,51100000000.0,81.3,5.25,43.9,1.0,1.0,1.0,data/27284_data.csv
27285,SMAJ400A,48600000000.0,1000000.0,5.25,41.3,1.0,1.0,1.0,data/27285_data.csv
27286,SMAJ400A,474000000000.0,81.3,0.0,41.2,1.0,1.0,1.0,data/27286_data.csv
27287,SMAJ400A,625000000000.0,1000000.0,0.0,44.3,1.0,1.0,1.0,data/27287_data.csv
27288,SMAJ400A,602000000000.0,81.3,5.25,41.1,1.0,1.0,1.0,data/27288_data.csv
27289,SMAJ400A,559000000000.0,1000000.0,5.25,41.2,1.0,1.0,1.0,data/27289_data.csv
27306,SMAJ400A,11500000000.0,50.0,0.0,43.6,1.0,1.0,1.0,data/27306_data.csv
27307,SMAJ400A,509000000000.0,50.0,0.0,38.4,1.0,1.0,1.0,data/27307_data.csv
